Municipi,Fa 6 setm. (11/06-17/06),Fa 5 setm. (18/06-24/06),Fa 4 setm. (25/06-01/07),Fa 3 setm. (02/07-08/07),Penúltima setm. (09/07-15/07),Última setm. (16/07-22/07),"Taxa Últ. Set./
100.000hab","Taxa Últ. 14d/
100.000hab",R empírica 7 dies,Risc Rebrot,Últ. 3 dies,Total positius,Població
Barcelona,963,1700,6013,13107,14363,11009,672.6,1550.1,0.77,1188.2,2340,199359,1636762
"Hospitalet de Llobregat, l'",141,168,534,1461,2096,1979,747,1538.2,0.94,1452.3,545,36271,264923
Badalona,94,160,566,1225,1456,1337,606.5,1267,0.92,1163.5,347,27806,220440
Terrassa,67,76,335,898,1327,1211,549.1,1150.7,0.91,1050.1,347,23998,220556
Sabadell,61,70,550,1033,1228,1135,531.3,1106,0.92,1022.3,287,23805,213644
Tarragona,83,80,217,653,768,766,569.5,1140.4,1,1137.4,200,12211,134515
Santa Coloma de Gramenet,45,70,217,540,730,731,613.2,1225.5,1,1227.2,226,15404,119215
Reus,28,50,207,687,773,676,647.7,1388.3,0.87,1214.1,200,12936,104373
Lleida,16,20,106,327,595,637,458.4,886.6,1.07,949.2,172,17148,138956
Cornellà de Llobregat,44,75,204,515,645,621,701,1429,0.96,1375.8,172,10462,88592
Mataró,33,61,236,508,650,582,453.7,960.5,0.9,860,131,15012,128265
Sant Cugat del Vallès,36,70,365,748,785,573,629.6,1492.2,0.73,1089.2,166,9411,91006
Girona,49,46,259,549,601,491,482.1,1072.1,0.82,875.9,136,12663,101852
Rubí,21,49,126,325,486,487,628.7,1256.1,1,1258.7,123,8533,77464
Castelldefels,27,31,186,372,516,449,670.1,1440.2,0.87,1253.2,106,6790,67004
Sant Boi de Llobregat,42,62,176,483,481,419,501.2,1076.5,0.87,937.7,124,9146,83605
Granollers,19,20,130,382,411,412,672.4,1343.1,1,1346.4,101,7686,61275
"Prat de Llobregat, el",47,46,134,371,372,381,589.8,1165.7,1.02,1193.9,86,6533,64599
Vilanova i la Geltrú,27,45,91,369,414,377,562,1179.1,0.91,1073.7,75,5152,67086
Viladecans,22,31,132,368,384,348,522.4,1098.9,0.91,995.9,111,6803,66611
Manresa,22,16,93,184,237,315,405.3,710.3,1.33,944.1,93,9063,77714
Mollet del Vallès,15,10,109,285,307,291,567.1,1165.3,0.95,1104.6,72,6356,51318
Blanes,8,22,36,199,371,282,722.6,1673.2,0.76,1271.8,63,3579,39028
Cerdanyola del Vallès,16,34,136,238,282,279,486,977.3,0.99,966.9,74,5617,57403
Lloret de Mar,14,14,38,239,397,275,716.6,1751.2,0.69,1213.1,57,3024,38373
Gavà,20,45,97,254,302,258,551.6,1197.3,0.85,1022.9,79,4663,46771
Figueres,6,18,27,70,171,255,546.6,913.1,1.49,1361.6,70,5337,46654
Esplugues de Llobregat,28,38,151,349,319,252,539.8,1223.2,0.79,966.3,65,5640,46680
Sant Feliu de Llobregat,42,33,90,250,272,239,532.8,1139.1,0.88,1000.9,89,4438,44860
Ripollet,34,21,80,172,184,223,576.7,1052.6,1.21,1275.7,62,4223,38665
Sant Adrià de Besòs,10,17,80,213,247,222,598.4,1264.3,0.9,1136.3,65,5171,37097
Vilafranca del Penedès,14,7,63,196,270,222,558.5,1237.9,0.82,1017.8,63,4212,39746
Cambrils,11,16,47,206,197,217,640.2,1221.3,1.1,1345.3,47,3064,33898
Montcada i Reixac,17,20,85,182,247,204,562.9,1244.5,0.83,1027.9,43,4108,36239
Sant Joan Despí,18,24,126,262,245,190,556.8,1274.8,0.78,988.6,61,3757,34123
Salou,23,15,39,214,284,176,640.6,1674.2,0.62,1037.5,41,2643,27476
Sant Vicenç dels Horts,13,36,65,172,156,172,611.7,1166.6,1.1,1286.2,47,2806,28117
Sant Pere de Ribes,18,22,76,295,255,167,543.6,1373.7,0.65,899.7,43,2781,30719
"Vendrell, el",16,10,54,115,168,165,438.8,885.5,0.98,869.7,35,2760,37606
Igualada,9,17,64,152,159,161,402.8,800.7,1.01,810.7,44,4694,39967
Premià de Mar,5,20,49,139,149,161,572.6,1102.5,1.08,1191.2,30,2842,28119
Sant Andreu de la Barca,23,22,40,147,167,160,580.6,1186.6,0.96,1136.9,46,3167,27558
Castellar del Vallès,8,10,40,106,118,152,628.4,1116.3,1.29,1437.9,40,2255,24187
Barberà del Vallès,15,12,86,150,177,151,456.3,991.2,0.85,845.6,39,3319,33091
Palafrugell,3,6,20,77,175,150,652.9,1414.6,0.86,1212.6,24,2698,22974
Canet de Mar,3,2,20,76,150,148,1018.9,2051.5,0.99,2024.1,50,1664,14526
Vila-seca,13,11,13,84,133,142,640,1239.5,1.07,1323.3,29,1834,22187
"Masnou, el",11,17,67,145,167,142,603.9,1314.1,0.85,1117.3,31,2369,23515
Santa Perpètua de Mogoda,21,17,89,130,153,140,542.7,1135.7,0.92,1039.2,38,2604,25799
Palamós,2,0,25,79,139,134,748.2,1524.3,0.96,1469.5,36,2031,17910
Vic,14,15,93,131,166,133,287.8,647,0.8,518.4,41,6981,46214
"Seu d'Urgell, la",1,2,9,44,107,132,1091.9,1977,1.23,2438.9,30,1588,12089
Valls,13,16,17,110,128,128,525.5,1050.9,1,1050.9,41,2169,24359
Martorell,12,9,56,94,129,127,450.5,908.2,0.98,894.1,50,3264,28189
Sant Quirze del Vallès,4,16,50,139,169,127,630.6,1469.6,0.75,1104.4,16,2193,20141
Sant Feliu de Guíxols,10,2,30,131,141,124,565.6,1208.7,0.88,1062.9,31,2132,21925
Salt,19,15,23,64,137,122,389,825.8,0.89,735.4,43,4371,31362
Malgrat de Mar,12,11,18,83,167,119,640.5,1539.4,0.71,1096.9,41,1865,18579
Pineda de Mar,8,4,31,133,211,117,429,1202.7,0.55,666.9,27,2710,27272
Calella,12,7,16,85,155,112,587.3,1400.2,0.72,1011.7,29,1962,19069
Cardedeu,2,11,46,103,120,112,610.1,1263.8,0.93,1179.6,14,1646,18357
Vilassar de Mar,4,4,166,165,151,110,527.9,1252.6,0.73,912.5,26,2046,20837
Sant Just Desvern,15,20,91,126,143,110,617.8,1420.9,0.77,1093,16,2051,17805
Olot,15,8,69,111,119,106,300.9,638.7,0.89,568.9,26,5687,35228
Canovelles,5,9,27,122,107,101,607.4,1250.8,0.94,1180.7,19,2456,16629
Esparreguera,16,1,16,95,104,100,449.4,916.8,0.96,881.6,39,1977,22251
"Franqueses del Vallès, les",6,9,57,112,104,100,497.7,1015.3,0.96,976.3,26,2196,20092
Molins de Rei,4,12,95,160,140,100,386.6,927.8,0.71,662.7,35,2509,25868
Mollerussa,0,5,16,43,77,99,674.2,1198.7,1.29,1541.1,20,2066,14683
Caldes de Montbui,34,17,56,103,105,99,564,1162.1,0.94,1095.7,18,2078,17554
Arenys de Mar,7,2,38,137,106,98,621.2,1293.1,0.92,1195.5,24,1664,15776
Amposta,1,5,16,30,76,96,462.9,829.4,1.26,1047.7,42,1805,20738
Olesa de Montserrat,7,7,28,72,98,95,397.4,807.4,0.97,782.7,34,1867,23904
Balaguer,3,1,11,37,91,93,541.9,1072.1,1.02,1095.7,29,2377,17162
Calafell,38,28,27,99,129,93,350.4,836.5,0.72,603.1,28,1781,26538
"Garriga, la",8,4,40,84,71,89,538.9,968.9,1.25,1214.5,37,1751,16514
Sitges,13,26,191,407,175,89,303.7,900.8,0.51,458.1,27,2646,29307
Tortosa,22,40,41,73,112,87,260.7,596.3,0.78,463.2,32,3197,33372
Parets del Vallès,5,5,53,93,100,81,424.5,948.5,0.81,768.3,20,2225,19082
Palau-solità i Plegamans,16,9,41,76,89,80,541.6,1144.1,0.9,1028.4,24,1382,14771
Vallirana,4,8,23,95,73,78,519.8,1006.3,1.07,1075.2,30,1312,15006
Corbera de Llobregat,9,11,36,65,86,76,512.8,1093,0.88,965.9,19,1409,14822
Pallejà,8,9,54,57,74,76,660.4,1303.4,1.03,1338.7,14,1351,11508
Badia del Vallès,10,11,34,60,85,76,568,1203.3,0.89,1075.9,14,1417,13380
Calonge i Sant Antoni,4,5,19,54,70,75,676.2,1307.2,1.07,1400.6,14,1007,11092
Tordera,5,19,35,70,124,75,435.6,1155.9,0.6,699.1,23,1508,17216
Cubelles,1,6,21,96,117,74,482.7,1246,0.63,788.1,16,1228,15329
Riudoms,0,2,8,46,41,73,1107.1,1728.8,1.78,3078.2,32,698,6594
Banyoles,4,19,46,77,83,72,363.2,781.8,0.87,678.2,22,2452,19826
Torroella de Montgrí,2,2,7,41,77,72,618.3,1279.5,0.94,1196.4,19,1003,11645
Mont-roig del Camp,3,5,17,30,67,72,593.3,1145.4,1.07,1230.8,11,766,12136
Torredembarra,3,5,18,74,82,70,432.5,939.2,0.85,801.8,15,1315,16184
Roses,3,1,14,34,112,69,352.9,925.8,0.62,570.4,19,1939,19550
Santa Coloma de Farners,0,8,15,49,60,69,525,981.5,1.15,1128.7,15,1204,13143
Cunit,6,9,34,59,68,68,525,1050,1,1050,16,1026,12952
Montornès del Vallès,0,8,43,89,103,67,408.7,1037,0.65,674.6,21,1554,16393
"Roca del Vallès, la",2,4,16,46,73,67,629.1,1314.6,0.92,1206.5,16,941,10650
Sant Celoni,1,12,36,84,64,67,374.2,731.7,1.05,766,8,1685,17904
"Llagosta, la",10,12,29,67,65,66,489.6,971.8,1.02,986.8,24,1615,13480
Llinars del Vallès,4,3,12,50,63,66,664.1,1298,1.05,1359.9,15,1142,9938
Sallent,0,1,8,20,27,66,991.3,1396.8,2.44,3414.4,9,675,6658
Lliçà d'Amunt,3,7,29,86,95,63,413,1035.7,0.66,686.8,3,1383,15256
Argentona,4,5,36,63,60,61,489.9,971.7,1.02,987.9,7,1324,12452
Santa Maria de Palautordera,2,11,40,19,50,60,636.7,1167.4,1.2,1400.8,8,877,9423
Masquefa,1,5,12,48,51,59,640.5,1194.2,1.16,1381.6,6,701,9211
Montgat,6,7,30,95,63,59,490,1013.2,0.94,948.9,10,1085,12041
Palafolls,3,2,13,48,87,58,616.7,1541.7,0.67,1027.8,16,797,9405
Tàrrega,10,7,4,47,93,56,327.5,871.4,0.6,524.7,20,1944,17098
Sant Fost de Campsentelles,2,3,33,80,49,56,641,1201.8,1.14,1373.5,18,1130,8737
Arenys de Munt,4,7,17,43,51,55,615.8,1186.9,1.08,1280,18,868,8931
Sant Fruitós de Bages,2,1,13,26,39,55,632,1080.1,1.41,1523.2,12,1092,8703
Castellbisbal,5,9,31,68,67,54,435.8,976.6,0.81,787.1,11,1102,12390
Bigues i Riells,3,3,14,44,41,51,560.9,1011.9,1.24,1258.7,10,784,9092
Sant Esteve Sesrovires,4,8,9,29,30,51,670,1064.1,1.7,1809,21,829,7612
Abrera,4,5,17,53,67,50,400.4,936.8,0.75,699.1,24,1055,12489
Piera,29,9,9,46,59,50,320.5,698.6,0.85,592,25,1247,15603
Sant Sadurní d'Anoia,7,19,38,94,41,50,388,706.1,1.22,861.1,19,1327,12887
Vilanova del Camí,1,5,20,45,48,50,401.3,786.6,1.04,819.4,14,1716,12458
"Bisbal d'Empordà, la",5,0,17,39,53,49,446.5,929.5,0.92,859.3,13,1120,10974
Cassà de la Selva,5,10,13,88,65,48,462.4,1088.6,0.74,803.9,14,1025,10380
Tossa de Mar,1,0,4,32,58,48,844.6,1865.2,0.83,1543.6,9,607,5683
Maçanet de la Selva,1,2,3,10,42,46,656.6,1256.1,1.1,1375.7,13,473,7006
Sant Andreu de Llavaneres,1,8,36,74,74,46,419.4,1094.1,0.62,680.1,12,1055,10968
Tiana,6,11,42,73,55,46,520.4,1142.5,0.84,955.6,6,983,8840
Vilassar de Dalt,6,4,16,31,46,43,475.5,984.2,0.93,920,3,674,9043
Sant Joan de Vilatorrada,0,8,13,31,46,43,393.2,813.8,0.93,760.8,14,1206,10936
Castell-Platja d'Aro,1,9,20,108,85,42,386.7,1169.4,0.49,577.8,13,1004,10860
Sant Carles de la Ràpita,1,0,7,18,32,42,284,500.4,1.31,656.7,12,1105,14789
Alella,0,8,38,74,62,42,428.5,1061.1,0.68,718.8,19,1078,9801
Sentmenat,7,4,12,44,57,42,462.7,1090.5,0.74,803.6,10,792,9078
Solsona,3,17,66,74,40,41,450.8,890.7,1.02,913,16,1164,9094
Premià de Dalt,0,5,30,47,57,41,392.4,938,0.72,674.7,17,845,10448
Santa Coloma de Cervelló,2,6,21,106,41,41,498.9,997.8,1,997.8,11,839,8218
Hostalric,0,0,5,10,20,40,947.6,1421.5,2,2842.9,8,383,4221
Llagostera,0,1,7,34,53,40,473.2,1100.2,0.75,830.3,16,794,8453
Vidreres,1,4,6,30,38,40,513,1000.4,1.05,1053,9,700,7797
Begues,2,5,20,29,52,40,563.5,1296.1,0.77,997,8,739,7098
Montmeló,4,3,12,72,79,40,456.9,1359.2,0.51,688.2,11,841,8755
Sant Antoni de Vilamajor,0,1,16,24,31,40,652,1157.3,1.29,1493.3,10,631,6135
Viladecavalls,4,3,5,39,36,40,532.5,1011.7,1.11,1124.1,14,691,7512
Deltebre,0,23,53,45,39,38,331,670.6,0.97,653.4,17,889,11482
Sant Vicenç de Castellet,3,1,8,18,34,38,399,756.1,1.12,845,17,816,9523
Vilanova del Vallès,10,1,23,25,33,38,699.6,1307.1,1.15,1505.1,11,518,5432
Cervera,4,5,3,9,30,37,403.1,729.8,1.23,900.1,11,1129,9180
"Ametlla de Mar, l'",0,2,3,16,43,37,545.2,1178.7,0.86,1014.3,7,323,6787
Manlleu,5,10,66,31,55,37,179.8,447.2,0.67,300.8,20,2965,20573
Navarcles,1,0,4,24,11,37,619,803.1,3.36,2701.3,6,721,5977
"Selva del Camp, la",1,1,7,65,57,36,636.9,1645.4,0.63,1039.2,7,536,5652
"Canonja, la",2,5,6,20,41,36,610.9,1306.6,0.88,1147.3,7,506,5893
"Ametlla del Vallès, l'",5,2,35,66,34,36,425.4,827.2,1.06,875.9,6,883,8462
Matadepera,8,5,47,78,76,36,386,1200.9,0.47,568.9,5,1205,9326
Polinyà,2,14,26,59,50,36,424.6,1014.3,0.72,730.3,7,773,8479
Tona,3,1,29,35,33,36,436.8,837.3,1.09,913.4,5,1130,8241
Vacarisses,0,2,11,25,36,36,538.3,1076.6,1,1076.6,6,548,6688
Vandellòs i l'Hospitalet de l'Infant,4,1,5,31,56,35,540,1403.9,0.62,877.4,4,489,6482
Santa Eulàlia de Ronçana,0,9,20,45,33,35,480.2,933,1.06,989.6,2,605,7288
Santa Margarida de Montbui,0,5,12,33,44,35,350.7,791.6,0.8,629.7,8,1348,9980
"Arboç, l'",2,7,5,15,15,34,616.3,888.2,2.27,2013.2,6,568,5517
Moià,0,4,7,35,29,34,542.5,1005.3,1.17,1178.6,4,682,6267
Torrelles de Llobregat,1,7,8,33,31,33,546.3,1059.4,1.06,1127.8,5,440,6041
Ulldecona,1,3,2,16,28,32,507.9,952.4,1.14,1088.4,1,328,6300
Berga,2,1,23,41,37,32,194,418.3,0.86,361.8,11,1851,16494
Cervelló,3,5,17,44,51,32,353.4,916.7,0.63,575.2,18,883,9054
Sant Cebrià de Vallalta,0,1,2,12,26,32,945.3,1713.4,1.23,2108.9,3,241,3385
Alcarràs,2,1,2,8,43,31,325.8,777.8,0.72,560.7,16,1469,9514
Alpicat,0,1,2,26,23,31,495.6,863.3,1.35,1163.6,7,713,6255
Dosrius,1,0,11,30,21,31,565.6,948.7,1.48,1400.5,7,385,5481
Sant Pol de Mar,1,1,17,26,25,31,585,1056.8,1.24,1310.4,8,396,5299
Bescanó,2,2,7,28,35,30,604.8,1310.5,0.86,1123.3,3,589,4960
Celrà,1,0,8,26,29,30,550.3,1082.2,1.03,1119.5,5,489,5452
Sarrià de Ter,3,2,7,35,23,30,580.3,1025.1,1.3,1337.1,7,593,5170
Roda de Berà,2,0,3,27,20,29,441.6,746.2,1.45,1081.9,8,421,6567
Martorelles,0,2,20,37,31,29,604,1249.7,0.94,1169.1,8,545,4801
Fornells de la Selva,0,0,9,25,10,28,1056.6,1434,2.8,4015.1,3,290,2650
Puigcerdà,0,0,35,65,42,28,302.4,756.1,0.67,504.1,5,1551,9258
Castelló d'Empúries,1,5,6,17,30,27,247.6,522.6,0.9,470.4,8,915,10906
Torelló,0,3,10,22,42,27,188.2,480.9,0.64,309.2,10,1780,14347
Vilablareix,0,0,7,15,26,26,897.5,1795,1,1795,3,372,2897
Capellades,1,6,3,18,25,26,491.2,963.5,1.04,1002.1,5,591,5293
Cànoves i Samalús,3,0,13,15,20,25,802.1,1443.7,1.25,1804.6,3,254,3117
Navàs,1,4,3,24,32,25,415.3,946.8,0.78,739.7,3,636,6020
Sant Feliu de Codines,4,4,16,22,35,25,399.4,958.6,0.71,684.7,6,585,6259
Riells i Viabrea,3,2,3,11,20,24,582,1066.9,1.2,1280.3,4,274,4124
Santa Cristina d'Aro,3,1,15,30,19,24,459.5,823.3,1.26,1039.9,7,447,5223
Vilafant,2,0,1,15,26,24,444.9,927,0.92,855.7,8,684,5394
"Pobla de Segur, la",0,0,2,1,9,24,804.3,1105.9,2.67,2949.1,1,296,2984
Constantí,1,2,2,18,32,24,367,856.3,0.75,642.2,6,629,6540
Avinyó,4,0,1,8,30,24,1054.9,2373.6,0.8,1898.9,3,300,2275
Cabrils,0,5,58,68,30,24,322.6,725.9,0.8,580.7,5,759,7439
Santa Margarida i els Monjos,4,4,15,53,28,24,315.3,683.2,0.86,585.6,17,719,7611
Santa Susanna,1,1,3,16,20,24,696.5,1276.8,1.2,1532.2,5,278,3446
Caldes de Malavella,17,9,5,21,54,23,301,1007.7,0.43,429.2,2,710,7641
Alcover,0,4,3,26,31,23,454.2,1066.4,0.74,791.2,10,342,5064
Creixell,0,2,3,18,20,23,631.5,1180.7,1.15,1357.8,5,255,3642
Cabrera de Mar,4,1,26,42,25,23,491.5,1025.6,0.92,943.6,4,453,4680
Gelida,5,1,5,17,37,23,305.3,796.5,0.62,495.1,16,642,7533
Santpedor,0,0,3,38,16,23,304.5,516.3,1.44,742.2,4,832,7554
Sant Pere de Vilamajor,0,2,10,34,27,23,514.3,1118.1,0.85,952.4,3,340,4472
Ripoll,1,0,13,20,18,22,205.9,374.3,1.22,457.5,11,1357,10686
Almacelles,0,0,0,10,18,22,324,589,1.22,719.9,5,795,6791
Alcanar,4,1,10,7,31,22,233.6,562.8,0.71,399.4,3,470,9418
"Sénia, la",1,1,4,2,18,22,387.3,704.1,1.22,860.6,1,350,5681
Porqueres,2,2,15,10,14,21,454.4,757.4,1.5,1136.1,1,459,4621
Roquetes,3,0,3,11,21,21,263.4,526.8,1,526.8,7,632,7973
Font-rubí,0,0,0,22,11,21,1582.5,2411.5,1.91,4603.7,0,138,1327
Teià,3,2,19,49,39,21,328.3,937.9,0.54,505,4,575,6397
Quart,0,0,6,17,23,20,537.1,1154.7,0.87,1004.1,8,341,3724
Sils,0,2,1,21,25,20,328.2,738.6,0.8,590.8,12,478,6093
Vilallonga del Camp,0,0,0,3,14,20,837.2,1423.2,1.43,2033.1,7,161,2389
Artés,2,0,5,17,15,20,351,614.3,1.33,819,4,722,5698
Olivella,0,2,5,31,23,20,526.5,1131.9,0.87,984.2,0,213,3799
Sant Climent de Llobregat,0,0,8,22,28,20,484.4,1162.5,0.71,830.4,8,351,4129
Anglès,11,3,17,25,29,19,339.3,857.3,0.66,561.7,5,794,5599
"Escala, l'",10,8,9,24,44,19,183.8,609.3,0.43,263.1,6,709,10339
Òdena,10,7,7,18,19,19,521.5,1043.1,1,1043.1,4,410,3643
Begur,1,1,3,17,23,18,458.6,1044.6,0.78,817.5,3,322,3925
Sant Hilari Sacalm,0,0,4,18,24,18,319.9,746.4,0.75,559.8,1,549,5627
Agramunt,0,0,3,8,15,18,335.1,614.4,1.2,737.3,1,557,5371
Altafulla,0,1,3,29,19,18,343.3,705.7,0.95,668.6,5,288,5243
Montblanc,1,7,70,34,21,18,244.4,529.6,0.86,453.9,4,817,7364
"Secuita, la",1,2,0,8,9,18,1067,1600.5,2,3200.9,4,128,1687
Caldes d'Estrac,0,2,7,20,32,18,603.6,1676.7,0.56,943.2,3,319,2982
Collbató,0,1,12,17,17,18,403,783.7,1.06,829.8,12,365,4466
Sant Salvador de Guardiola,0,1,3,5,7,18,566.2,786.4,2.57,2022.2,2,257,3179
Sant Llorenç Savall,0,0,3,3,33,18,758.5,2149.2,0.55,1172.3,4,295,2373
Sant Vicenç de Montalt,4,3,25,63,38,18,280.9,874,0.47,414,6,590,6407
Súria,1,2,7,25,34,18,302.9,875.1,0.53,463.3,3,557,5942
Cadaqués,0,6,6,34,31,17,626.8,1769.9,0.55,970.6,8,245,2712
Sant Gregori,0,0,14,23,35,17,445.4,1362.3,0.49,661.7,7,514,3817
Rosselló,0,0,2,6,28,17,540.5,1430.8,0.61,868.7,6,312,3145
Montbrió del Camp,0,1,0,9,18,17,588.2,1211.1,0.94,1143.8,3,222,2890
Centelles,5,4,9,32,22,17,229.6,526.7,0.77,407,5,808,7404
"Pont de Vilomara i Rocafort, el",2,0,4,11,8,17,443.9,652.7,2.12,1387.1,6,411,3830
Vallgorguina,3,0,3,14,13,17,588,1037.7,1.31,1357,2,189,2891
Bordils,1,1,9,18,8,16,899.4,1349.1,2,2698.1,0,168,1779
Llançà,0,0,2,4,9,16,330.9,517,1.78,919,15,323,4836
"Palau d'Anglesola, el",0,1,2,6,9,16,738.7,1154.2,1.78,2051.9,1,238,2166
"Granada, la",1,0,4,25,12,16,741.8,1298.1,1.33,1730.8,0,186,2157
Sant Esteve de Palautordera,1,0,8,18,25,16,567.4,1453.9,0.64,930.5,3,311,2820
Taradell,4,1,36,22,17,16,246.6,508.6,0.94,478.6,1,837,6489
Breda,1,0,3,10,20,15,401.1,935.8,0.75,701.9,2,284,3740
"Morell, el",1,0,1,12,21,15,405,971.9,0.71,694.2,4,269,3704
"Pallaresos, els",2,1,4,30,31,15,314,962.9,0.48,465.9,5,465,4777
"Pobla de Mafumet, la",2,1,2,18,34,15,384.2,1255.1,0.44,553.7,8,265,3904
Castellbell i el Vilar,0,0,2,21,32,15,411.3,1288.7,0.47,604.1,6,314,3647
Sant Llorenç d'Hortons,1,1,2,7,6,15,621.6,870.3,2.5,2175.7,1,147,2413
Palau-saverdera,0,0,1,3,9,14,948.5,1558.3,1.56,2424,0,123,1476
Sant Julià de Ramis,0,0,12,34,25,14,398.3,1109.5,0.56,621.3,2,369,3515
Vilobí d'Onyar,0,0,3,17,15,14,425.4,881.2,0.93,822.4,2,297,3291
Bellpuig,0,1,4,10,11,14,272.7,487,1.27,619.9,7,604,5133
Torrefarrera,0,1,2,4,9,14,304,499.5,1.56,776.9,4,571,4605
"Borges del Camp, les",2,1,7,12,11,14,687.3,1227.3,1.27,1562,3,269,2037
"Catllar, el",3,1,3,19,10,14,314.5,539.2,1.4,754.9,8,230,4451
"Perelló, el",1,1,9,11,8,14,505.4,794.2,1.75,1389.9,0,107,2770
Sant Jaume dels Domenys,0,1,3,11,20,14,533.9,1296.7,0.7,907.7,4,151,2622
Vallmoll,1,2,5,4,7,14,797.3,1195.9,2,2391.8,1,93,1756
Calldetenes,0,0,4,3,4,14,562.5,723.2,3.5,2531.1,1,359,2489
Castellet i la Gornal,0,1,2,7,12,14,610.8,1134.4,1.17,1323.4,1,154,2292
"Papiol, el",1,3,8,20,15,14,337.8,699.6,0.93,653,2,355,4145
Roda de Ter,3,2,15,23,18,14,222.2,507.9,0.78,395,3,988,6301
Vallromanes,0,0,19,29,12,14,542.8,1008.1,1.17,1176.2,2,263,2579
Riudarenes,0,0,4,7,12,13,595.8,1145.7,1.08,1241.2,3,144,2182
Bell-lloc d'Urgell,0,0,1,10,7,13,561.6,863.9,1.86,1604.4,6,166,2315
Guissona,2,1,20,39,21,13,182.2,476.5,0.62,294.9,3,969,7136
Alforja,0,0,0,6,19,13,721.8,1776.8,0.68,1215.7,1,160,1801
Banyeres del Penedès,1,4,4,9,11,13,410.1,757.1,1.18,894.8,2,213,3170
Corbera d'Ebre,0,0,0,2,5,13,1279.5,1771.7,2.6,4606.3,2,58,1016
Móra d'Ebre,2,0,0,8,2,13,228.5,263.6,6.5,1713.5,3,358,5690
Castellví de la Marca,0,0,4,9,11,13,846.9,1563.5,1.18,1847.8,2,121,1535
Gironella,0,0,4,12,22,13,269.4,725.2,0.59,428.5,2,570,4826
Olèrdola,0,0,3,15,26,13,352.1,1056.3,0.5,528.2,5,265,3692
Sant Martí Sarroca,0,2,3,20,19,13,398.3,980.4,0.68,670.8,3,218,3264
Subirats,1,1,8,8,11,13,427.1,788.4,1.18,931.8,2,287,3044
Torrelles de Foix,0,0,1,15,11,13,553.7,1022.1,1.18,1208,5,214,2348
Arbúcies,1,0,0,6,35,12,183,716.9,0.34,245.8,10,487,6556
Alcoletge,1,0,0,4,11,12,350.9,672.5,1.09,733.7,0,264,3420
Arbeca,3,0,3,9,5,12,559.7,792.9,2.4,1903,2,165,2144
"Borges Blanques, les",0,1,5,5,17,12,197.1,476.4,0.71,336.3,3,850,6087
Linyola,0,0,1,8,10,12,444.4,814.8,1.2,977.8,6,440,2700
Sant Llorenç de Morunys,0,0,9,7,1,12,1264.5,1369.9,12,16438.4,1,138,949
Falset,0,0,2,5,8,12,423.4,705.7,1.5,1058.6,4,312,2834
"Pla de Santa Maria, el",0,0,1,3,12,12,515.7,1031.4,1,1031.4,1,140,2327
"Ampolla, l'",0,0,3,8,11,12,374.4,717.6,1.09,782.9,3,119,3205
Almenar,1,0,2,3,7,11,323.7,529.7,1.57,832.4,7,361,3398
Castellvell del Camp,1,1,4,15,9,11,385,700,1.22,855.6,9,233,2857
"Pobla de Montornès, la",0,0,3,8,8,11,387.5,669.2,1.38,920.2,2,199,2839
Santa Bàrbara,1,3,0,3,16,11,296.7,728.4,0.69,500.7,1,279,3707
Balsareny,1,0,3,11,14,11,348.2,791.4,0.79,621.8,0,308,3159
Castellterçol,0,2,3,6,6,11,446.6,690.2,1.83,1265.4,3,212,2463
Lliçà de Vall,8,1,14,40,38,11,168.1,749,0.29,216.8,7,619,6542
"Hostalets de Pierola, els",12,6,3,3,11,11,370,740,1,740,0,196,2973
Sant Iscle de Vallalta,1,0,1,1,7,11,825.8,1351.4,1.57,2123.6,2,139,1332
Sant Pere de Riudebitlles,5,0,4,11,9,11,464.5,844.6,1.22,1032.3,2,207,2368
Cornellà del Terri,0,0,4,3,7,10,423,719.1,1.43,1027.3,1,255,2364
Sant Julià del Llor i Bonmatí,1,1,1,12,4,10,777.6,1088.6,2.5,2721.6,3,160,1286
Albesa,0,0,0,1,7,10,642.7,1092.5,1.43,1560.8,0,214,1556
Móra la Nova,0,0,0,3,8,10,323.9,583.1,1.25,728.9,3,224,3087
Riudecols,0,0,2,0,3,10,847.5,1101.7,3.33,3672.3,1,125,1180
Vinyols i els Arcs,1,2,2,10,13,10,486.4,1118.7,0.77,860.5,5,140,2056
"Aldea, l'",0,0,0,3,18,10,240.4,673.1,0.56,373.9,5,256,4160
"Bruc, el",0,0,5,3,6,10,487.8,780.5,1.67,1300.8,5,191,2050
Cabrera d'Anoia,1,0,4,6,7,10,709.2,1205.7,1.43,1722.4,1,120,1410
Castellgalí,0,0,1,5,7,10,485,824.4,1.43,1177.8,5,283,2062
Puig-reig,0,0,4,11,19,10,239.3,694.1,0.53,365.3,1,607,4178
"Torre de Claramunt, la",3,1,7,20,15,10,269.3,673.1,0.67,448.8,3,293,3714
"Palma de Cervelló, la",0,0,4,12,21,10,338.5,1049.4,0.48,499.7,1,213,2954
"Jonquera, la",0,0,1,3,10,9,273.6,577.5,0.9,519.8,3,401,3290
Mont-ras,0,2,4,8,7,9,536,952.9,1.29,1225.2,1,170,1679
Ullà,0,0,0,4,5,9,780.6,1214.2,1.8,2185.6,3,106,1153
Forallac,0,0,3,8,10,9,533.5,1126.3,0.9,1013.6,3,138,1687
Bellvís,0,0,0,4,7,9,399.1,709.5,1.29,912.3,0,340,2255
Juneda,0,0,5,17,12,9,259,604.3,0.75,453.2,1,374,3475
Maials,0,0,0,0,2,9,978.3,1195.7,4.5,5380.4,0,119,920
Sort,1,0,1,3,11,9,418.8,930.7,0.82,761.5,4,293,2149
Térmens,0,0,10,2,4,9,675.2,975.2,2.25,2194.3,0,151,1333
Tremp,1,0,8,28,39,9,154,821.4,0.23,189.5,0,584,5844
Aiguamúrcia,0,0,0,3,14,9,998.9,2552.7,0.64,1641,2,82,901
Albinyana,2,0,1,2,13,9,369.2,902.4,0.69,624.7,0,137,2438
Canyelles,0,5,4,26,23,9,193.7,688.6,0.39,269.5,2,295,4647
Castellví de Rosanes,2,2,1,10,17,9,477.7,1380,0.53,730.6,4,240,1884
"Esquirol, l'",0,2,12,13,5,9,412.7,641.9,1.8,1155.4,3,389,2181
Corçà,0,1,2,1,6,8,631.4,1105,1.33,1473.3,2,104,1267
Llers,0,0,1,8,6,8,645.7,1129.9,1.33,1506.6,1,118,1239
Pals,1,0,3,13,15,8,331.8,954,0.53,508.8,1,187,2411
Peralada,0,0,12,10,7,8,432.4,810.8,1.14,926.6,2,180,1850
Planoles,0,0,0,1,0,8,2777.8,2777.8,Inf,Inf,4,21,288
Artesa de Segre,3,0,2,4,25,8,233.1,961.5,0.32,307.7,4,284,3432
Fondarella,0,0,2,4,4,8,1020.4,1530.6,2,3061.2,2,83,784
Vielha e Mijaran,4,0,2,13,17,8,143.9,449.7,0.47,211.6,1,1010,5559
Santa Coloma de Queralt,2,0,1,4,5,8,299.3,486.3,1.6,778.2,5,228,2673
Santa Oliva,0,1,7,16,9,8,241,512,0.89,455.2,3,213,3320
Sarral,0,0,17,6,32,8,516.8,2584,0.25,646,2,164,1548
Bagà,0,0,5,2,4,8,374.2,561.3,2,1122.5,0,203,2138
Cardona,0,2,5,9,17,8,172.6,539.3,0.47,253.8,2,459,4636
Olesa de Bonesvalls,0,0,0,3,1,8,442,497.2,8,3977.9,3,155,1810
Bellcaire d'Empordà,0,0,0,0,1,7,1010.1,1154.4,7,8080.8,1,35,693
Fontcoberta,0,1,1,3,3,7,476.8,681.2,2.33,1589.5,2,120,1468
Lladó,0,0,0,4,4,7,855.7,1344.7,1.75,2353.3,1,101,818
"Planes d'Hostoles, les",0,0,3,2,4,7,415.9,653.6,1.75,1143.8,0,125,1683
Riudellots de la Selva,1,3,1,8,9,7,337.2,770.7,0.78,599.4,1,172,2076
Sant Feliu de Pallerols,2,1,0,6,3,7,510.6,729.4,2.33,1701.9,0,85,1371
Sant Joan de les Abadesses,0,0,4,15,5,7,216.6,371.3,1.4,519.8,3,452,3232
Serinyà,1,0,3,3,3,7,616.2,880.3,2.33,2054,2,133,1136
Verges,1,0,1,6,2,7,597.8,768.6,3.5,2690,1,110,1171
Albatàrrec,1,0,4,14,6,7,315.2,585.3,1.17,682.9,3,302,2221
Artesa de Lleida,0,2,1,3,14,7,465.4,1396.3,0.5,698.1,5,177,1504
"Vall de Boí, la",4,0,0,1,2,7,685.6,881.5,3.5,3085.2,3,53,1021
Benavent de Segrià,1,0,1,2,9,7,467,1067.4,0.78,830.2,0,203,1499
Corbins,0,1,2,2,3,7,484.8,692.5,2.33,1615.9,1,137,1444
Golmés,0,0,0,7,7,7,380.4,760.9,1,760.9,3,194,1840
Ribera d'Urgellet,1,0,1,1,1,7,748.7,855.6,7,5989.3,1,62,935
Vila-sana,1,1,0,0,4,7,943.4,1482.5,1.75,2594.3,0,83,742
"Bisbal del Penedès, la",2,1,3,7,18,7,198.4,708.6,0.39,275.6,3,229,3528
Bot,0,0,0,0,2,7,1221.6,1570.7,3.5,5497.4,0,39,573
Avià,0,0,5,5,7,7,314.5,628.9,1,628.9,0,230,2226
Calaf,1,3,6,7,11,7,198,509.2,0.64,324,3,426,3535
Callús,0,0,5,8,11,7,327.1,841.1,0.64,535.3,4,208,2140
Folgueroles,0,5,2,7,4,7,308.8,485.2,1.75,849.1,1,286,2267
Gurb,0,1,10,10,10,7,261.1,634.1,0.7,443.9,2,387,2681
Figaró-Montmany,0,0,2,6,5,7,628.4,1077.2,1.4,1508.1,1,127,1114
Rellinars,1,0,1,1,1,7,897.4,1025.6,7,7179.5,1,35,780
Sant Hipòlit de Voltregà,0,2,9,9,7,7,200.9,401.8,1,401.8,2,433,3484
Sant Martí de Centelles,0,0,0,9,5,7,599.8,1028.3,1.4,1439.6,1,120,1167
Sant Quintí de Mediona,0,0,3,3,12,7,310.6,842.9,0.58,491.7,4,143,2254
Santa Eugènia de Berga,1,1,13,5,6,7,311.4,578.3,1.17,674.7,0,316,2248
Santa Eulàlia de Riuprimer,1,6,9,6,5,7,520.4,892.2,1.4,1249.1,1,165,1345
Santa Fe del Penedès,0,0,1,2,2,7,1871.7,2406.4,3.5,8422.5,1,26,374
Santa Maria de Martorelles,1,1,7,5,0,7,783.9,783.9,Inf,Inf,2,105,893
Ullastrell,1,3,6,6,23,7,334.4,1433.3,0.3,436.2,3,164,2093
Vallbona d'Anoia,1,0,8,11,18,7,509.8,1820.8,0.39,708.1,4,135,1373
Vilobí del Penedès,1,0,2,5,13,7,632.3,1806.7,0.54,972.8,0,101,1107
Vilalba Sasserra,0,0,1,5,1,7,977.7,1117.3,7,7821.2,0,114,716
Besalú,1,1,10,10,4,6,240.8,401.3,1.5,601.9,6,168,2492
Campdevànol,1,0,6,5,0,6,186.2,186.2,Inf,Inf,1,271,3223
Camprodon,0,0,0,6,5,6,263,482.2,1.2,578.7,1,262,2281
Cervià de Ter,0,0,3,2,0,6,619.8,619.8,Inf,Inf,1,77,968
Sant Jaume de Llierca,0,1,2,2,0,6,693.6,693.6,Inf,Inf,2,85,865
Sant Miquel de Fluvià,0,0,0,0,4,6,785.3,1308.9,1.5,1963.4,1,84,764
Sant Joan les Fonts,1,1,1,12,19,6,199.6,831.7,0.32,262.6,4,445,3006
"Cruïlles, Monells i Sant Sadurní de l'Heura",0,0,2,4,4,6,469.1,781.9,1.5,1172.8,1,82,1279
Alguaire,2,0,1,1,2,6,202,269.3,3,807.8,5,290,2971
Bellcaire d'Urgell,2,0,0,0,1,6,487.8,569.1,6,3414.6,1,81,1230
Bellver de Cerdanya,0,0,7,16,2,6,309.8,413,3,1239,2,330,1937
Ponts,0,0,1,10,6,6,230.7,461.4,1,461.4,2,177,2601
Puigverd de Lleida,0,0,2,6,2,6,442.8,590.4,3,1771.2,0,139,1355
Torregrossa,0,0,0,4,13,6,272.5,862.9,0.46,398.2,3,267,2202
"Espluga de Francolí, l'",1,1,12,19,14,6,159.8,532.6,0.43,228.3,1,300,3755
Riudecanyes,0,0,0,1,4,6,533.8,889.7,1.5,1334.5,3,99,1124
Balenyà,1,0,2,12,8,6,157,366.4,0.75,274.8,4,357,3821
Fonollosa,0,0,7,4,6,6,412.9,825.9,1,825.9,1,140,1453
Mediona,3,1,0,5,8,6,258.4,602.9,0.75,452.2,1,214,2322
"Pobla de Claramunt, la",0,1,9,14,6,6,273.6,547.2,1,547.2,4,208,2193
Sant Julià de Vilatorta,1,0,5,8,14,6,192.7,642.3,0.43,275.3,0,372,3114
Sant Pere de Torelló,0,0,8,5,3,6,248,372.1,2,744.1,2,343,2419
Albons,0,0,0,1,6,5,644.3,1417.5,0.83,1181.3,1,70,776
Amer,0,0,2,5,9,5,217.6,609.2,0.56,338.5,0,177,2298
Avinyonet de Puigventós,0,3,1,1,7,5,310.6,745.3,0.71,532.4,0,189,1610
Capmany,0,0,0,0,4,5,815.7,1468.2,1.25,1835.2,0,51,613
Garriguella,0,5,0,1,3,5,584.8,935.7,1.67,1559.5,1,64,855
Sant Joan de Mollet,1,0,1,1,4,5,986.2,1775.1,1.25,2218.9,0,45,507
"Vall d'en Bas, la",1,8,4,5,11,5,162.8,520.8,0.45,236.7,0,332,3072
Baix Pallars,0,0,0,0,2,5,1492.5,2089.6,2.5,5223.9,1,31,335
Coll de Nargó,0,0,0,1,3,5,909.1,1454.5,1.67,2424.2,2,31,550
Esterri d'Àneu,0,4,11,1,3,5,647.7,1036.3,1.67,1727.1,1,72,772
Isona i Conca Dellà,0,0,3,1,1,5,490.7,588.8,5,2944.1,1,30,1019
Almoster,0,0,2,13,6,5,370.1,814.2,0.83,678.5,3,138,1351
Horta de Sant Joan,0,1,3,2,0,5,435.2,435.2,Inf,Inf,0,73,1149
"Riera de Gaià, la",2,1,4,5,14,5,286.7,1089.4,0.36,389.1,1,140,1744
Avinyonet del Penedès,0,2,4,9,6,5,293.9,646.7,0.83,538.9,1,114,1701
"Cabanyes, les",0,1,2,11,10,5,518.7,1556,0.5,778,2,124,964
Calders,0,0,2,2,5,5,515.5,1030.9,1,1030.9,1,78,970
Casserres,0,0,1,7,7,5,310.9,746.3,0.71,533,0,127,1608
Castellnou de Bages,0,0,0,4,5,5,357.9,715.8,1,715.8,0,106,1397
Gualba,0,0,4,6,13,5,333.3,1200,0.38,461.5,2,120,1500
Guardiola de Berguedà,0,0,0,4,2,5,550.7,770.9,2.5,1927.3,1,59,908
"Masies de Voltregà, les",0,1,1,8,12,5,159.2,541.2,0.42,225.5,4,326,3141
Monistrol de Montserrat,0,1,0,4,6,5,164.8,362.6,0.83,302.1,0,262,3034
Òrrius,0,0,2,1,1,5,676.6,811.9,5,4059.5,0,50,739
Prats de Lluçanès,2,0,2,12,7,5,194.6,467.1,0.71,333.6,3,277,2569
Santa Maria d'Oló,4,1,0,1,10,5,487.8,1463.4,0.5,731.7,0,105,1025
Aiguaviva,0,0,1,3,3,4,529.1,925.9,1.33,1234.6,0,77,756
Alp,0,0,4,16,7,4,253.2,696.2,0.57,397.8,0,178,1580
Borrassà,0,0,0,2,0,4,560.2,560.2,Inf,Inf,0,90,714
Camós,0,0,2,3,5,4,577.2,1298.7,0.8,1039,1,82,693
Massanes,0,0,0,2,2,4,525.6,788.4,2,1576.9,0,58,761
Palol de Revardit,0,0,1,0,4,4,879.1,1758.2,1,1758.2,0,44,455
"Preses, les",2,3,7,8,6,4,223.7,559.3,0.67,372.9,1,272,1788
Sant Climent Sescebes,0,0,0,0,0,4,639,639,Inf,Inf,0,55,626
Sant Pere Pescador,0,1,0,0,3,4,195.9,342.8,1.33,457.1,0,205,2042
"Saus, Camallera i Llampaies",0,0,0,0,9,4,477.9,1553.2,0.44,690.3,1,57,837
Vall-llobrega,0,0,0,3,10,4,444.9,1557.3,0.4,622.9,2,75,899
Alfarràs,4,8,9,6,8,4,143,429,0.5,214.5,2,348,2797
Aitona,0,0,2,2,6,4,154.4,386,0.67,257.3,2,377,2591
Espot,0,0,0,0,1,4,1098.9,1373.6,4,5494.5,0,29,364
Montferrer i Castellbò,0,0,0,3,4,4,384.2,768.5,1,768.5,3,59,1041
Oliana,1,6,54,26,9,4,221,718.2,0.44,319.2,3,253,1810
Os de Balaguer,0,0,1,0,4,4,402.4,804.8,1,804.8,0,101,994
"Pont de Suert, el",0,0,0,2,7,4,180.2,495.5,0.57,283.1,4,154,2220
Soses,7,0,0,2,0,4,226.9,226.9,Inf,Inf,1,231,1763
Tornabous,0,0,0,1,3,4,466.2,815.9,1.33,1087.8,0,74,858
Vallfogona de Balaguer,0,0,7,8,14,4,213.2,959.5,0.29,274.1,3,278,1876
Verdú,0,0,0,1,3,4,435.3,761.7,1.33,1015.6,0,134,919
Benissanet,0,0,1,0,4,4,344.5,689.1,1,689.1,0,70,1161
"Bisbal de Falset, la",0,0,0,1,0,4,1851.9,1851.9,Inf,Inf,0,9,216
Bonastre,0,0,0,0,3,4,581.4,1017.4,1.33,1356.6,0,24,688
Botarell,0,0,0,6,5,4,374.5,842.7,0.8,674.2,1,57,1068
Llorenç del Penedès,0,2,0,5,20,4,167.2,1002.9,0.2,200.6,4,177,2393
Maspujols,0,0,2,6,2,4,483.7,725.5,2,1451,2,63,827
"Pinell de Brai, el",0,0,0,1,0,4,393.3,393.3,Inf,Inf,1,40,1017
Prades,0,0,0,2,1,4,679.1,848.9,4,3395.6,1,47,589
Puigpelat,0,0,4,1,1,4,348.1,435.2,4,1740.6,2,61,1149
"Rourell, el",0,0,0,2,2,4,1092.9,1639.3,2,3278.7,0,27,366
Aiguafreda,0,4,13,16,8,4,159.7,479.2,0.5,239.6,0,246,2504
Fogars de la Selva,4,1,1,3,9,4,275.7,895.9,0.44,398.2,3,89,1451
Puigdàlber,0,0,0,0,1,4,760.5,950.6,4,3802.3,3,44,526
Sant Martí de Tous,3,6,1,1,11,4,323.9,1214.6,0.36,441.7,1,103,1235
Sant Quirze de Besora,0,1,11,2,8,4,184.6,553.8,0.5,276.9,3,316,2167
Sant Vicenç de Torelló,0,1,4,7,10,4,194.4,680.3,0.4,272.1,1,236,2058
"Armentera, l'",0,0,2,0,5,3,322.6,860.2,0.6,516.1,0,72,930
Cabanes,0,0,0,1,2,3,316.5,527.4,1.5,791.1,0,112,948
Canet d'Adri,1,0,1,0,4,3,414.9,968.2,0.75,726.1,2,35,723
Fortià,0,1,1,1,3,3,393.2,786.4,1,786.4,0,56,763
Montagut i Oix,0,1,5,3,8,3,327.5,1200.9,0.38,450.3,1,94,916
Navata,1,0,1,2,6,3,217.2,651.7,0.5,325.9,4,129,1381
Osor,0,0,1,0,2,3,700.9,1168.2,1.5,1752.3,1,36,428
Pau,0,0,0,0,4,3,535.7,1250,0.75,937.5,0,37,560
"Port de la Selva, el",0,0,4,6,6,3,309.3,927.8,0.5,463.9,0,66,970
Santa Llogaia d'Àlguema,0,0,1,1,0,3,810.8,810.8,Inf,Inf,0,51,370
Santa Pau,0,1,1,7,3,3,191.7,383.4,1,383.4,1,203,1565
"Cellera de Ter, la",1,2,6,14,5,3,154.2,411.1,0.6,246.7,1,185,1946
Ventalló,1,0,1,4,2,3,349.2,582.1,1.5,873.1,0,71,859
Viladamat,1,0,0,1,2,3,641,1068.4,1.5,1602.6,0,24,468
"Albi, l'",0,0,0,0,1,3,392.7,523.6,3,1570.7,1,36,764
Camarasa,0,0,0,1,2,3,367.2,612,1.5,918,1,74,817
Castelldans,0,0,0,0,1,3,312.5,416.7,3,1250,1,57,960
Ivars de Noguera,1,2,0,0,1,3,898.2,1197.6,3,3592.8,0,38,334
Llardecans,0,0,0,1,0,3,665.2,665.2,Inf,Inf,0,26,451
Olius,0,1,5,7,4,3,304.3,709.9,0.75,532.5,1,103,986
Organyà,0,0,0,3,0,3,382.7,382.7,Inf,Inf,0,107,784
Conca de Dalt,0,0,0,0,1,3,717.7,956.9,3,2870.8,0,19,418
Prats i Sansor,0,0,1,0,2,3,1369.9,2283.1,1.5,3424.7,0,25,219
Rialp,0,0,0,3,5,3,453.9,1210.3,0.6,726.2,1,44,661
Sant Guim de Freixenet,0,2,0,2,6,3,292.7,878,0.5,439,1,94,1025
Seròs,1,0,1,7,0,3,156.1,156.1,Inf,Inf,1,312,1922
Torà,0,0,3,4,1,3,239,318.7,3,956.2,1,78,1255
Vilagrassa,0,0,0,3,1,3,554.5,739.4,3,2218.1,0,49,541
"Aleixar, l'",1,0,0,5,7,3,343.6,1145.5,0.43,490.9,0,115,873
Alfara de Carles,0,0,0,0,0,3,795.8,795.8,Inf,Inf,0,24,377
Ascó,0,0,1,1,2,3,180.7,301.2,1.5,451.8,2,84,1660
Batea,0,0,1,13,4,3,158.7,370.4,0.75,277.8,0,180,1890
Bellvei,0,1,5,5,5,3,136.2,363.1,0.6,217.9,0,114,2203
"Fatarella, la",0,0,1,0,0,3,318.8,318.8,Inf,Inf,0,50,941
Flix,2,0,2,9,2,3,88,146.7,1.5,220.1,0,191,3408
Godall,0,0,0,0,1,3,521.7,695.7,3,2087,0,33,575
Masllorenç,0,0,0,0,2,3,595.2,992.1,1.5,1488.1,0,35,504
"Riba, la",0,0,0,0,3,3,512.8,1025.6,1,1025.6,0,46,585
Tivenys,1,4,0,3,2,3,333.7,556.2,1.5,834.3,2,62,899
Tivissa,1,1,2,5,4,3,187.3,437,0.75,327.7,1,88,1602
Vimbodí i Poblet,0,0,3,2,1,3,336.3,448.4,3,1345.3,1,40,892
Sant Jaume d'Enveja,0,2,6,8,11,3,85.6,399.7,0.27,109,6,281,3503
Castellolí,0,0,0,3,0,3,484.7,484.7,Inf,Inf,0,54,619
Copons,0,0,0,2,1,3,967.7,1290.3,3,3871,0,37,310
Jorba,0,0,1,10,4,3,359.3,838.3,0.75,628.7,2,87,835
Monistrol de Calders,0,0,3,0,0,3,439.9,439.9,Inf,Inf,2,61,682
Montesquiu,0,0,2,5,1,3,300.6,400.8,3,1202.4,0,132,998
Montmajor,0,0,1,4,1,3,646.6,862.1,3,2586.2,0,21,464
Pacs del Penedès,2,2,3,5,5,3,325.4,867.7,0.6,520.6,0,77,922
"Pla del Penedès, el",0,0,7,6,12,3,238.9,1194.3,0.25,298.6,0,111,1256
Sant Feliu Sasserra,0,0,0,0,0,3,498.3,498.3,Inf,Inf,1,39,602
Sant Quirze Safaja,0,0,2,3,3,3,478.5,956.9,1,956.9,2,39,627
Vilanova de Sau,0,0,0,0,0,3,1003.3,1003.3,Inf,Inf,0,21,299
Bolvir,0,0,1,3,1,2,542,813,2,1626,0,50,369
Cabanelles,0,0,1,1,1,2,716.8,1075.3,2,2150.5,0,22,279
Campllong,0,0,1,4,3,2,365.6,914.1,0.67,609.4,1,47,547
Castellfollit de la Roca,0,0,2,6,0,2,208.1,208.1,Inf,Inf,1,114,961
Espolla,0,0,0,1,0,2,480.8,480.8,Inf,Inf,1,29,416
Esponellà,0,0,0,0,0,2,456.6,456.6,Inf,Inf,0,46,438
Flaçà,0,0,3,1,3,2,183,457.5,0.67,305,5,98,1093
Gualta,0,0,1,3,2,2,503.8,1007.6,1,1007.6,0,29,397
Llanars,0,0,1,0,0,2,396,396,Inf,Inf,1,54,505
Llívia,0,0,1,5,5,2,141.1,494,0.4,197.6,0,113,1417
Molló,0,0,0,0,3,2,593.5,1483.7,0.67,989.1,0,26,337
Parlavà,0,0,1,2,1,2,507.6,761.4,2,1522.8,1,34,394
Portbou,0,0,0,0,1,2,186,279.1,2,558.1,0,43,1075
Regencós,0,0,0,0,1,2,743.5,1115.2,2,2230.5,0,30,269
Ribes de Freser,0,0,4,2,2,2,114,228.1,1,228.1,1,174,1754
Sant Martí de Llémena,0,0,1,3,3,2,316,789.9,0.67,526.6,0,76,633
Sant Aniol de Finestres,1,0,1,0,2,2,586.5,1173,1,1173,0,13,341
Vilademuls,0,0,2,1,3,2,245.4,613.5,0.67,409,0,114,815
Viladrau,0,1,1,1,1,2,192.3,288.5,2,576.9,1,123,1040
Vila-sacra,0,1,0,3,1,2,263.2,394.7,2,789.5,0,64,760
"Alamús, els",0,1,0,3,1,2,244.2,366.3,2,732.6,1,68,819
Alàs i Cerc,0,1,0,1,2,2,607.9,1215.8,1,1215.8,1,21,329
Almatret,0,0,0,0,0,2,651.5,651.5,Inf,Inf,0,11,307
Barbens,0,0,1,1,0,2,227.8,227.8,Inf,Inf,1,94,878
Bossòst,0,1,0,3,7,2,180.3,811.5,0.29,231.9,0,141,1109
"Fuliola, la",0,0,0,1,1,2,160.3,240.4,2,480.8,0,204,1248
Miralcamp,0,2,2,0,6,2,148,592.2,0.33,197.4,1,144,1351
Montellà i Martinet,0,0,1,3,4,2,345.4,1036.3,0.5,518.1,0,46,579
Penelles,0,0,0,0,1,2,442.5,663.7,2,1327.4,0,28,452
"Portella, la",0,0,0,1,0,2,274.7,274.7,Inf,Inf,1,116,728
Sunyer,0,0,0,0,0,2,568.2,568.2,Inf,Inf,0,40,352
Torres de Segre,0,0,0,1,8,2,87.8,439.2,0.25,109.8,1,245,2277
Vilanova de Bellpuig,0,0,0,2,0,2,169.3,169.3,Inf,Inf,0,104,1181
Vilanova de Segrià,0,0,0,1,0,2,204.7,204.7,Inf,Inf,0,69,977
Vall de Cardós,0,0,0,0,1,2,549.5,824.2,2,1648.4,0,25,364
Sant Martí de Riucorb,0,0,0,0,3,2,309.6,774,0.67,516,0,38,646
Barberà de la Conca,0,0,2,3,3,2,422.8,1057.1,0.67,704.7,0,21,473
Benifallet,0,0,0,0,4,2,270.6,811.9,0.5,406,2,47,739
Bràfim,0,0,0,1,1,2,289,433.5,2,867.1,0,78,692
Cabra del Camp,0,0,1,7,9,2,172,945.8,0.22,210.2,4,67,1163
Capçanes,0,0,14,0,0,2,502.5,502.5,Inf,Inf,0,43,398
"Galera, la",0,0,1,2,4,2,273.6,820.8,0.5,410.4,0,55,731
Gandesa,1,0,7,9,7,2,65.3,293.7,0.29,83.9,1,261,3064
Marçà,0,0,1,1,0,2,336.7,336.7,Inf,Inf,0,18,594
"Montmell, el",0,0,0,1,5,2,132.3,463,0.4,185.2,1,62,1512
"Pobla de Massaluca, la",0,0,0,2,1,2,628.9,943.4,2,1886.8,0,7,318
"Pont d'Armentera, el",0,0,0,0,1,2,396,594.1,2,1188.1,2,36,505
Porrera,0,0,0,2,1,2,455.6,683.4,2,1366.7,0,18,439
Rodonyà,0,0,0,1,1,2,408.2,612.2,2,1224.5,0,19,490
Vilaplana,0,0,0,2,3,2,348.4,871.1,0.67,580.7,1,30,574
Vila-rodona,0,0,2,2,0,2,159.4,159.4,Inf,Inf,1,89,1255
Camarles,0,0,5,4,5,2,62,217.1,0.4,86.8,0,156,3224
Borredà,0,0,2,1,0,2,449.4,449.4,Inf,Inf,0,47,445
Fogars de Montclús,0,0,0,7,1,2,425.5,638.3,2,1276.6,0,30,470
"Llacuna, la",0,0,0,0,1,2,229.9,344.8,2,689.7,0,48,870
Oristà,1,0,1,1,0,2,369.7,369.7,Inf,Inf,0,57,541
Pontons,0,0,0,1,6,2,375.9,1503.8,0.33,501.3,0,18,532
Marganell,0,0,0,3,0,2,751.9,751.9,Inf,Inf,2,16,266
Seva,1,9,20,8,9,2,56.8,312.6,0.22,69.5,0,367,3519
Tavèrnoles,0,0,2,0,5,2,632.9,2215.2,0.4,886.1,1,53,316
Torrelavit,5,0,3,7,6,2,140.9,563.8,0.33,187.9,0,107,1419
"Far d'Empordà, el",0,0,1,1,3,1,166.9,667.8,0.33,222.6,0,100,599
Argelaguer,4,3,1,2,3,1,251.9,1007.6,0.33,335.9,0,57,397
Bàscara,0,0,0,0,3,1,99.6,398.4,0.33,132.8,2,71,1004
Cistella,0,0,0,1,1,1,354.6,709.2,1,709.2,2,22,282
Crespià,0,0,2,2,0,1,406.5,406.5,Inf,Inf,0,17,246
Garrigàs,0,0,0,2,1,1,228.8,457.7,1,457.7,0,39,437
Ger,0,0,3,3,2,1,223.2,669.6,0.5,334.8,1,44,448
Jafre,0,0,0,1,1,1,263.2,526.3,1,526.3,0,44,380
Juià,0,0,1,1,4,1,309.6,1548,0.25,387,0,22,323
Ordis,0,0,0,0,5,1,269.5,1617.3,0.2,323.5,0,29,371
"Pera, la",0,0,0,0,3,1,224.2,896.9,0.33,299,0,31,446
Pont de Molins,0,0,0,2,6,1,189,1323.3,0.17,220.5,0,40,529
Pontós,0,0,0,1,0,1,375.9,375.9,Inf,Inf,0,27,266
Rupià,0,0,0,2,2,1,367.6,1102.9,0.5,551.5,0,14,272
Sant Jordi Desvalls,0,0,3,1,7,1,131.4,1051.2,0.14,150.2,1,77,761
Sant Pau de Segúries,0,0,1,2,2,1,143.5,430.4,0.5,215.2,0,69,697
"Tallada d'Empordà, la",0,0,0,4,3,1,216,863.9,0.33,288,1,20,463
Ultramort,0,0,0,0,1,1,448.4,896.9,1,896.9,0,14,223
Ullastret,0,0,1,1,1,1,344.8,689.7,1,689.7,0,23,290
"Vall de Bianya, la",0,2,0,2,7,1,79.1,632.9,0.14,90.4,0,156,1264
Vilajuïga,0,0,3,2,5,1,90.6,543.5,0.2,108.7,0,88,1104
Vilamalla,0,0,0,3,9,1,84.7,846.7,0.11,94.1,0,99,1181
Biure,0,0,0,0,2,1,431,1293.1,0.5,646.6,0,23,232
"Albagés, l'",0,0,0,0,1,1,271,542,1,542,0,31,369
Alcanó,0,0,0,0,0,1,425.5,425.5,Inf,Inf,0,20,235
Naut Aran,0,0,0,4,4,1,55.5,277.3,0.25,69.3,2,249,1803
Anglesola,6,0,0,10,5,1,73.4,440.2,0.2,88,1,143,1363
Belianes,0,0,0,2,0,1,190.5,190.5,Inf,Inf,0,43,525
Castellnou de Seana,0,0,2,0,5,1,146.4,878.5,0.2,175.7,0,76,683
Castellserà,0,0,0,0,1,1,99.7,199.4,1,199.4,0,82,1003
Cubells,0,0,0,1,1,1,291.5,583.1,1,583.1,3,27,343
Ivars d'Urgell,0,0,1,5,5,1,65.3,391.9,0.2,78.4,1,126,1531
Llavorsí,0,0,0,0,0,1,284.1,284.1,Inf,Inf,0,33,352
Lles de Cerdanya,0,0,0,1,2,1,395.3,1185.8,0.5,592.9,0,15,253
Maldà,0,0,0,0,0,1,454.5,454.5,Inf,Inf,0,61,220
Preixens,0,0,0,0,1,1,231.5,463,1,463,1,37,432
Riner,0,0,0,0,0,1,380.2,380.2,Inf,Inf,0,12,263
Salàs de Pallars,0,0,0,1,2,1,312.5,937.5,0.5,468.8,0,19,320
"Soleràs, el",0,0,0,0,0,1,301.2,301.2,Inf,Inf,0,7,332
Sudanell,0,0,0,1,1,1,117.2,234.5,1,234.5,1,107,853
"Torre de Cabdella, la",0,0,0,3,3,1,131.6,526.3,0.33,175.4,0,21,760
"Valls de Valira, les",0,0,0,0,0,1,126.4,126.4,Inf,Inf,1,37,791
Vilanova de Meià,0,0,0,0,0,1,257.1,257.1,Inf,Inf,0,28,389
Vinaixa,0,0,0,4,5,1,212.8,1276.6,0.2,255.3,0,66,470
Torrefeta i Florejacs,0,0,2,0,2,1,166.1,498.3,0.5,249.2,0,36,602
Gimenells i el Pla de la Font,0,0,0,1,1,1,90,180,1,180,1,93,1111
"Albiol, l'",0,0,1,2,5,1,206.2,1237.1,0.2,247.4,0,47,485
Alió,0,0,0,0,2,1,227.8,683.4,0.5,341.7,0,30,439
Arnes,0,0,0,3,0,1,219.8,219.8,Inf,Inf,0,13,455
Blancafort,0,0,0,1,0,1,257.1,257.1,Inf,Inf,0,36,389
Figuerola del Camp,0,0,0,0,1,1,312.5,625,1,625,0,19,320
Freginals,0,0,0,0,0,1,289,289,Inf,Inf,0,10,346
Mas de Barberans,0,0,1,0,2,1,173,519,0.5,259.5,0,41,578
"Masó, la",0,0,0,1,2,1,362.3,1087,0.5,543.5,0,27,276
"Masroig, el",0,0,0,1,1,1,201.2,402.4,1,402.4,0,72,497
Miravet,0,0,0,0,0,1,144.7,144.7,Inf,Inf,0,18,691
Nulles,0,0,0,0,2,1,203.3,609.8,0.5,304.9,0,20,492
Perafort,0,0,1,4,7,1,79.3,634.4,0.14,90.6,2,82,1261
Querol,0,0,0,2,0,1,197.2,197.2,Inf,Inf,0,12,507
Rasquera,0,0,0,0,2,1,128,384.1,0.5,192.1,0,20,781
Riba-roja d'Ebre,0,0,1,2,1,1,88.8,177.6,1,177.6,0,45,1126
Rocafort de Queralt,0,0,4,1,1,1,444.4,888.9,1,888.9,0,15,225
Ulldemolins,0,0,4,0,0,1,252.5,252.5,Inf,Inf,0,18,396
Vilanova d'Escornalbou,0,0,0,0,3,1,183.5,733.9,0.33,244.6,0,13,545
Vilalba dels Arcs,0,0,0,0,0,1,160,160,Inf,Inf,0,76,625
Alpens,0,0,0,0,1,1,375.9,751.9,1,751.9,0,27,266
"Brull, el",0,1,0,0,2,1,380.2,1140.7,0.5,570.3,0,29,263
Campins,0,0,6,4,7,1,189,1512.3,0.14,216,0,62,529
"Masies de Roda, les",2,0,2,3,1,1,142.9,285.7,1,285.7,1,91,700
Montseny,0,0,0,1,1,1,292.4,584.8,1,584.8,0,25,342
Olvan,0,0,0,2,1,1,117.1,234.2,1,234.2,2,73,854
Olost,1,1,2,2,0,1,83.5,83.5,Inf,Inf,0,96,1198
Orís,0,0,2,2,1,1,317.5,634.9,1,634.9,0,41,315
Sant Bartomeu del Grau,0,0,3,1,3,1,116.6,466.2,0.33,155.4,0,85,858
Sant Boi de Lluçanès,0,1,1,1,15,1,184.8,2957.5,0.07,197.2,0,145,541
Cercs,0,0,0,3,2,1,87.3,262,0.5,131,0,93,1145
Vilada,0,0,0,1,0,1,240.4,240.4,Inf,Inf,0,20,416
Agullana,0,0,0,1,1,0,0,120.3,0,0,1,60,831
Brunyola i Sant Martí Sapresa,0,0,1,2,1,0,0,261.1,0,0,0,19,383
Boadella i les Escaules,0,0,0,0,0,0,0,0,NaN,NaN,0,16,252
Cantallops,0,0,0,0,1,0,0,319.5,0,0,1,23,313
Colera,0,0,1,0,0,0,0,0,NaN,NaN,1,14,448
Darnius,0,0,1,1,0,0,0,0,NaN,NaN,1,20,546
Foixà,0,0,0,4,0,0,0,0,NaN,NaN,0,19,297
Fontanals de Cerdanya,0,0,0,0,3,0,0,675.7,0,0,0,51,444
Guils de Cerdanya,0,0,0,2,1,0,0,186.2,0,0,0,37,537
Isòvol,0,0,0,1,0,0,0,0,NaN,NaN,0,34,281
Llambilles,0,0,2,1,1,0,0,143.7,0,0,5,78,696
Madremanya,0,0,1,0,1,0,0,353.4,0,0,0,7,283
Maià de Montcal,5,2,0,0,0,0,0,0,NaN,NaN,0,24,449
Masarac,0,0,1,1,0,0,0,0,NaN,NaN,0,17,288
Maçanet de Cabrenys,0,0,0,0,0,0,0,0,NaN,NaN,1,34,688
Mieres,0,0,2,0,1,0,0,314.5,0,0,0,16,318
Palau-sator,0,0,1,0,0,0,0,0,NaN,NaN,0,18,310
Rabós,0,0,0,0,0,0,0,0,NaN,NaN,0,13,178
Riudaura,0,0,4,2,3,0,0,627.6,0,0,1,70,478
Sant Feliu de Buixalleu,0,0,1,5,5,0,0,638.6,0,0,1,48,783
Sant Llorenç de la Muga,0,0,0,0,0,0,0,0,NaN,NaN,0,10,264
Sant Martí Vell,0,0,1,2,2,0,0,793.7,0,0,0,15,252
Sant Miquel de Campmajor,0,0,0,0,0,0,0,0,NaN,NaN,0,21,231
Serra de Daró,0,0,0,0,0,0,0,0,NaN,NaN,0,8,221
Terrades,0,0,1,0,0,0,0,0,NaN,NaN,0,36,329
Torroella de Fluvià,0,0,1,1,2,0,0,288.2,0,0,0,63,694
Tortellà,1,2,1,2,1,0,0,123.6,0,0,0,63,809
Vilabertran,2,0,1,2,6,0,0,612.9,0,0,0,111,979
Vilallonga de Ter,0,0,1,1,0,0,0,0,NaN,NaN,0,25,398
Vilamacolum,0,0,0,1,0,0,0,0,NaN,NaN,0,21,348
Vilanant,0,0,0,0,0,0,0,0,NaN,NaN,2,22,392
Àger,0,0,0,0,1,0,0,170.1,0,0,0,62,588
Alfés,0,0,0,0,0,0,0,0,NaN,NaN,0,20,312
Algerri,0,1,0,0,1,0,0,259.1,0,0,0,40,386
Alt Àneu,0,0,3,1,0,0,0,0,NaN,NaN,0,32,405
"Sentiu de Sió, la",0,0,0,1,3,0,0,738.9,0,0,0,34,406
"Avellanes i Santa Linya, les",0,0,0,0,0,0,0,0,NaN,NaN,1,50,449
Bovera,0,0,0,0,0,0,0,0,NaN,NaN,0,5,247
"Bòrdes, Es",0,0,0,0,0,0,0,0,NaN,NaN,0,31,259
Castelló de Farfanya,0,3,0,1,1,0,0,186.6,0,0,0,57,536
Cervià de les Garrigues,0,0,0,4,1,0,0,156.2,0,0,0,35,640
"Espluga Calba, l'",0,0,0,2,2,0,0,586.5,0,0,0,28,341
"Granadella, la",0,0,0,1,1,0,0,140.4,0,0,0,65,712
"Granja d'Escarp, la",0,0,0,0,1,0,0,106.8,0,0,0,50,936
Guimerà,0,0,1,0,0,0,0,0,NaN,NaN,0,19,265
Juncosa,0,0,0,0,1,0,0,259.1,0,0,0,40,386
Les,0,0,0,2,2,0,0,211.4,0,0,0,147,946
Massalcoreig,0,0,0,1,3,0,0,501.7,0,0,0,31,598
Massoteres,0,0,3,0,0,0,0,0,NaN,NaN,0,27,218
Menàrguens,0,4,2,1,0,0,0,0,NaN,NaN,1,65,806
Montgai,0,0,0,0,6,0,0,960,0,0,0,63,625
Montoliu de Lleida,0,0,0,0,1,0,0,204.5,0,0,0,59,489
Navès,0,0,3,0,0,0,0,0,NaN,NaN,0,13,280
Peramola,0,1,5,3,0,0,0,0,NaN,NaN,0,35,347
Pinós,0,0,4,2,0,0,0,0,NaN,NaN,1,19,287
"Poal, el",0,0,1,1,3,0,0,463,0,0,2,81,648
Bellaguarda,0,0,0,0,0,0,0,0,NaN,NaN,4,31,287
Preixana,0,0,0,2,1,0,0,259.7,0,0,0,24,385
Puiggròs,0,0,0,0,0,0,0,0,NaN,NaN,0,19,276
Sanaüja,0,0,2,3,0,0,0,0,NaN,NaN,0,16,380
Sant Ramon,1,0,0,0,0,0,0,0,NaN,NaN,0,35,491
Sarroca de Lleida,0,0,0,0,0,0,0,0,NaN,NaN,0,33,363
Sidamon,0,0,1,3,3,0,0,408.7,0,0,1,73,734
Soriguera,0,0,1,2,1,0,0,243.9,0,0,3,46,410
Talarn,0,0,0,0,0,0,0,0,NaN,NaN,1,10,585
Torrebesses,0,0,0,0,0,0,0,0,NaN,NaN,4,25,282
Torrelameu,0,0,0,1,4,0,0,538.4,0,0,1,99,743
Torre-serona,0,0,1,1,1,0,0,251.9,0,0,0,92,397
Vilaller,0,0,1,0,1,0,0,178.3,0,0,1,31,561
Vilanova de la Barca,0,0,0,0,2,0,0,193.1,0,0,0,133,1036
"Guingueta d'Àneu, la",0,2,0,1,3,0,0,1010.1,0,0,0,19,297
Ribera d'Ondara,0,0,0,0,0,0,0,0,NaN,NaN,1,28,426
"Plans de Sió, els",0,0,3,3,1,0,0,197.6,0,0,0,39,506
Aldover,0,0,1,0,1,0,0,113.4,0,0,2,30,882
Bellmunt del Priorat,0,0,0,1,0,0,0,0,NaN,NaN,0,11,280
Cabacés,0,0,0,0,2,0,0,671.1,0,0,0,12,298
Caseres,0,0,0,0,0,0,0,0,NaN,NaN,0,20,259
Cornudella de Montsant,0,0,0,1,2,0,0,212.5,0,0,1,31,941
Xerta,0,0,0,1,1,0,0,85.5,0,0,0,115,1170
Garcia,0,0,3,1,1,0,0,189.8,0,0,0,37,527
Ginestar,0,0,0,1,2,0,0,265.6,0,0,0,36,753
Gratallops,0,0,0,1,0,0,0,0,NaN,NaN,0,15,229
"Guiamets, els",0,0,0,4,4,0,0,1481.5,0,0,2,21,270
Masdenverge,0,0,0,2,1,0,0,93.5,0,0,0,75,1070
"Molar, el",0,0,0,0,1,0,0,336.7,0,0,0,23,297
Montferri,0,0,0,1,1,0,0,258.4,0,0,0,8,387
"Nou de Gaià, la",0,0,0,1,1,0,0,165.8,0,0,0,19,603
"Palma d'Ebre, la",0,0,0,0,1,0,0,294.1,0,0,0,13,340
Paüls,0,1,0,1,0,0,0,0,NaN,NaN,0,119,556
Pira,0,0,2,3,1,0,0,202.8,0,0,0,39,493
Poboleda,0,2,5,0,1,0,0,319.5,0,0,0,15,313
Pratdip,0,0,0,0,1,0,0,135.5,0,0,1,25,738
Salomó,0,0,1,3,1,0,0,179.5,0,0,0,30,557
Solivella,0,0,4,5,1,0,0,158,0,0,0,43,633
"Torre de l'Espanyol, la",0,0,0,0,0,0,0,0,NaN,NaN,0,39,611
Vespella de Gaià,0,0,0,0,2,0,0,487.8,0,0,0,20,410
Vilabella,0,1,4,0,1,0,0,135.9,0,0,1,53,736
Vilaverd,0,0,2,5,3,0,0,663.7,0,0,1,31,452
Vinebre,1,1,0,2,2,0,0,467.3,0,0,0,15,428
Aguilar de Segarra,0,0,0,0,1,0,0,347.2,0,0,0,14,288
Carme,0,0,0,0,1,0,0,130.7,0,0,0,58,765
Castellcir,1,0,0,2,1,0,0,133,0,0,0,58,752
Castellfollit del Boix,1,0,0,0,2,0,0,458.7,0,0,0,17,436
Collsuspina,0,0,0,2,0,0,0,0,NaN,NaN,0,28,342
"Espunyola, l'",1,0,0,5,0,0,0,0,NaN,NaN,0,20,254
"Estany, l'",0,0,0,2,0,0,0,0,NaN,NaN,0,58,406
Lluçà,0,0,0,1,0,0,0,0,NaN,NaN,0,12,273
Malla,0,0,0,1,1,0,0,366.3,0,0,0,16,273
Muntanyola,0,0,1,0,6,0,0,946.4,0,0,1,43,634
Perafita,0,0,0,0,0,0,0,0,NaN,NaN,0,10,395
"Pobla de Lillet, la",0,2,0,1,0,0,0,0,NaN,NaN,0,112,1095
"Prats de Rei, els",0,0,1,1,1,0,0,188,0,0,1,77,532
Rajadell,0,0,0,1,1,0,0,182.5,0,0,0,28,548
Saldes,0,0,0,2,0,0,0,0,NaN,NaN,0,14,274
Sant Cugat Sesgarrigues,0,0,1,6,8,0,0,794.4,0,0,2,63,1007
Sant Martí Sesgueioles,2,0,1,0,0,0,0,0,NaN,NaN,0,34,343
Sant Mateu de Bages,0,0,1,0,3,0,0,497.5,0,0,0,49,603
Tagamanent,0,0,0,0,1,0,0,309.6,0,0,0,24,323
Rupit i Pruit,0,0,0,3,0,0,0,0,NaN,NaN,0,16,279
